{
  "hash": "2f7e38f9d7101188e095e378b57f1920",
  "result": {
    "engine": "knitr",
    "markdown": "---\ntitle: \"Gabriela Correia\"\nabout:\n  template: jolla\n  image: profile.png\n  links:\n    - icon: linkedin\n      text: LinkedIn\n      href: https://www.linkedin.com/in/gabrielasantoscorreia/\n    - icon: github\n      text: Github\n      href: https://github.com/g-correia\n---\n\n\n\n\nAbout me\n\n\n\n\n::: {.cell}\n\n```{.r .cell-code}\n1 + 1\n```\n\n::: {.cell-output .cell-output-stdout}\n\n```\n[1] 2\n```\n\n\n:::\n:::\n",
    "supporting": [],
    "filters": [
      "rmarkdown/pagebreak.lua"
    ],
    "includes": {},
    "engineDependencies": {},
    "preserve": {},
    "postProcess": true
  }
}